Source;Target;Weight
Canada;Gwichʼin;0.00002
Canada;Moose Cree;0.00013
Canada;Chipewyan;0.00002
Canada;Atikamekw;0.00016
Canada;Naskapi;0.00003
Canada;Northern East Cree;0.00015
Canada;Cree;0.00110
Canada;Slave;0.00006
Canada;Swampy Cree;0.00014
Canada;French;0.22000
Canada;Inuinnaqtun;0.00011
Canada;Mohawk;0.00010
Canada;Dogrib;0.00007
Canada;Southern East Cree;0.00020
Canada;English;0.86000
Canada;Plautdietsch;0.00240
Canada;Italian;0.02000
Canada;North Slavey;0.00004
Canada;German;0.01900
Canada;Inuktitut (Latin);0.00042
Canada;Inuktitut;0.00042
Canada;Montagnais;0.00033
Canada;Yiddish;0.00045
Canada;Plains Cree;0.00110
Vai;Liberia;0.02600
Maguindanaon;Philippines;0.01200
Algerian Arabic;Algeria;0.83000
Central Kurdish;Iraq;0.20000
Central Kurdish;Iran;0.03900
Palauan;Palau;0.74000
Koro Wachi;Côte d’Ivoire;0.00170
Bafut;Cameroon;0.00570
Braj;India;0.00004
Kyrgyz;Kyrgyzstan;0.48000
Pontic;Greece;0.03700
Cameroon;Kom;0.01300
Cameroon;Fulah;0.03600
Cameroon;Bafia;0.00320
Cameroon;French;0.68000
Cameroon;Ewondo;0.03100
Cameroon;Yangben;0.00009
Cameroon;Akoose;0.00540
Cameroon;Mundang;0.01000
Cameroon;Hausa (Arabic);0.00140
Cameroon;Kako;0.00540
Cameroon;Bulu;0.04600
Cameroon;Duala;0.00480
Cameroon;Ghomala;0.01400
Cameroon;Metaʼ;0.00470
Cameroon;Basaa;0.01200
Cameroon;Ngomba;0.00340
Cameroon;Kwasio;0.00035
Cameroon;Aghem;0.00140
Cameroon;English;0.38000
Cameroon;Bamun;0.01200
Cameroon;Yemba;0.01600
Cameroon;Mafa;0.00740
Cameroon;Arabic;0.00390
Cameroon;Ngiemboon;0.01400
Cameroon;Medumba;0.01100
Burkina Faso;Mossi;0.40000
Burkina Faso;Dyula;0.32000
Burkina Faso;French;0.22000
Niuean;Niue;0.70000
Gilaki;Iran;0.04600
Rwa;Tanzania;0.00220
Togo;Ifè;0.01300
Togo;Ewe;0.17000
Togo;French;0.61000
Dan;Côte d’Ivoire;0.04000
Bambara;Mali;0.46000
Brahui;Pakistan;0.01300
Azerbaijani (Arabic);Turkey;0.00650
Azerbaijani (Arabic);Iraq;0.01800
Azerbaijani (Arabic);Iran;0.24000
Cocos (Keeling) Islands;Malay (Arabic);0.83000
Cocos (Keeling) Islands;English;0.17000
Santali;India;0.00550
Karachay-Balkar;Russia;0.00170
Ascension Island;English;0.99000
Tsonga;Eswatini;0.01700
Tsonga;Mozambique;0.07900
Tsonga;South Africa;0.04400
Southern Sotho;Lesotho;0.98000
Southern Sotho;South Africa;0.07900
Noon;Senegal;0.00240
Dominica;English;0.94000
Virgin Islands Creole English;Sint Maarten;0.07300
Umbundu;Angola;0.29000
Eastern Cham;Vietnam;0.00089
Sirmauri;India;0.00035
Western Mari;Russia;0.00021
St. Kitts & Nevis;English;0.98000
Kachi Koli;Pakistan;0.00110
Sadri;India;0.00180
Latgalian;Latvia;0.08900
Komi;Russia;0.00180
Jola-Fonyi;Senegal;0.02600
Hiligaynon;Philippines;0.08400
Kachin;Myanmar (Burma);0.01700
Jersey;English;0.95000
Mazanderani;Iran;0.05000
Naxi;China;0.00024
Kathoriya Tharu;Nepal;0.00240
Central Atlas Tamazight;Morocco;0.09800
Nigerian Pidgin;Nigeria;0.21000
Northern Thai;Thailand;0.09600
Yiddish;Ukraine;0.01300
Yiddish;Israel;0.03000
Yiddish;United States;0.00049
Yiddish;Sweden;0.00030
Yiddish;United Kingdom;0.00049
Ga;Ghana;0.02800
Cantonese;Hong Kong SAR China;0.90000
Occitan;France;0.03000
Swiss German;Switzerland;0.65000
Swiss German;Liechtenstein;0.85000
Swiss German;Germany;0.02300
Swiss German;France;0.00910
Turkey;Adyghe;0.00390
Turkey;Turkish;0.93000
Turkey;Azerbaijani;0.00740
Turkey;Bulgarian;0.00420
Turkey;Turoyo;0.00004
Turkey;Georgian;0.00056
Turkey;Armenian;0.00056
Turkey;Laz;0.00028
Turkey;Kazakh;0.00001
Turkey;Zaza;0.01400
Turkey;Kurdish;0.05500
Turkey;Uzbek;0.00002
Turkey;Kirmanjki;0.00190
Turkey;Albanian;0.00021
Turkey;Balkan Gagauz Turkish;0.00460
Turkey;Greek;0.00005
Turkey;English;0.17000
Turkey;Serbian (Latin);0.00028
Turkey;Abkhazian;0.00005
Turkey;Kyrgyz (Latin);0.00001
Turkey;Kabardian;0.00770
Turkey;Arabic;0.00560
Falkland Islands;English;0.88000
Southern Sami;Sweden;0.00003
Picard;France;0.01100
Mandingo (N’Ko);Guinea;0.23000
Baoulé;Côte d’Ivoire;0.11000
Slovakia;Hungarian;0.11000
Slovakia;Ukrainian;0.01900
Slovakia;Czech;0.47000
Slovakia;German;0.22000
Slovakia;Slovak;0.90000
Slovakia;English;0.26000
Slovakia;Polish;0.00930
Konkani;India;0.00370
Nauru;Nauru;0.71000
Nauru;English;0.97000
Xiang Chinese;China;0.02900
Norway;Northern Sami;0.00290
Norway;Norwegian Bokmål;1.00000
Norway;Norwegian Nynorsk;0.25000
Sasak;Indonesia;0.00970
Xaasongaxango;Mali;0.01000
Latin;Vatican City;0.82000
Saurashtra;India;0.00029
Zulu;Lesotho;0.14000
Zulu;Eswatini;0.06800
Zulu;Mozambique;0.00007
Zulu;Malawi;0.00330
Zulu;South Africa;0.24000
Gusii;Kenya;0.04900
Georgian;Georgia;0.86000
Georgian;Iran;0.00071
Comorian;Mayotte;0.88000
Tigrinya;Eritrea;0.60000
Tigrinya;Israel;0.00120
Tigrinya;Ethiopia;0.06000
Emilian;Italy;0.00050
Nuer;South Sudan;0.05600
Kyrgyz (Arabic);China;0.00034
Thulung;Nepal;0.00120
Tibetan;India;0.00011
Tibetan;Nepal;0.00240
Tibetan;China;0.00200
Embu;Kenya;0.01500
Tavringer Romani;Sweden;0.00095
Tausug;Philippines;0.01100
Ukraine;Bulgarian;0.00490
Ukraine;Hungarian;0.00370
Ukraine;Ukrainian;0.65000
Ukraine;Romanian;0.00520
Ukraine;Turkish;0.00420
Ukraine;Belarusian;0.00830
Ukraine;Greek;0.00016
Ukraine;Crimean Turkish;0.00560
Ukraine;Russian;0.46000
Ukraine;Polish;0.02400
Ukraine;Rusyn;0.01200
Ingush;Russia;0.00160
Indonesia;Gorontalo;0.00410
Indonesia;Mandar;0.00092
Indonesia;Rejang;0.00460
Indonesia;Buginese;0.01600
Indonesia;Ngaju;0.00370
Indonesia;Gayo;0.00120
Indonesia;Kerinci;0.00140
Indonesia;Selayar;0.00054
Indonesia;Balinese;0.01800
Indonesia;Indonesian;0.64000
Indonesia;Traditional Chinese;0.00920
Indonesia;Malay (Arabic);0.04600
Indonesia;Uab Meto;0.00270
Indonesia;Mentawai;0.00024
Indonesia;Tolaki;0.00130
Indonesia;Lampung Api;0.00690
Indonesia;Banjar;0.01500
Indonesia;Makasar;0.00730
Indonesia;Sundanese;0.12000
Indonesia;Betawi;0.02100
Indonesia;Javanese;0.34000
Indonesia;Batak Toba;0.00920
Indonesia;Achinese;0.01400
Indonesia;Komering;0.00320
Indonesia;Madurese;0.06300
Indonesia;Tae';0.00110
Indonesia;Sangir;0.00092
Indonesia;Minangkabau;0.03000
Choctaw;United States;0.00003
Guarani;Paraguay;0.80000
Guarani;Argentina;0.00047
Guarani;Bolivia;0.00450
Sidamo;Ethiopia;0.03500
Divehi;Maldives;0.94000
Finland;Swedish;0.44000
Finland;Skolt Sami;0.00011
Finland;Estonian;0.00110
Finland;Finnish;0.94000
Finland;German;0.18000
Finland;Inari Sami;0.00011
Finland;English;0.70000
Finland;Russian;0.00810
Finland;Northern Sami;0.00036
Finland;Kalo Finnish Romani;0.00090
Mankanya;Senegal;0.00210
Mankanya;Guinea-Bissau;0.02600
Central African Republic;Sango;0.49000
Central African Republic;French;0.49000
Central African Republic;Lingala;0.00240
Western Lawa;Thailand;0.00010
Western Lawa;China;0.00006
Greek;Romania;0.00019
Greek;Albania;0.01900
Greek;Italy;0.00035
Greek;Egypt;0.00061
Greek;United Kingdom;0.00340
Greek;Germany;0.00380
Greek;Greece;0.99000
Greek;Cyprus;0.95000
Liechtenstein;German;1.00000
Liechtenstein;Walser;0.03400
Latvian;Latvia;0.61000
English;Lithuania;0.38000
English;Ethiopia;0.43000
English;Aruba;0.02600
English;Macao SAR China;0.02300
English;Argentina;0.07000
English;Hong Kong SAR China;0.51000
English;Ghana;0.21000
English;American Samoa;0.97000
English;Slovenia;0.59000
English;Germany;0.64000
English;St. Lucia;0.90000
English;Liberia;0.83000
English;Netherlands;0.90000
English;Pakistan;0.50000
English;Trinidad & Tobago;0.88000
English;Christmas Island;0.63000
English;Niue;0.70000
English;New Zealand;0.98000
English;Yemen;0.09000
English;Denmark;0.86000
English;Jamaica;0.98000
English;Samoa;0.02200
English;Norfolk Island;0.96000
English;United Arab Emirates;0.50000
English;Guam;0.91000
English;India;0.19000
English;Lesotho;0.27000
English;Kenya;0.19000
English;Bangladesh;0.18000
English;Solomon Islands;1.00000
English;France;0.39000
English;Bermuda;0.92000
English;Vanuatu;0.83000
English;Seychelles;0.38000
English;Malawi;0.63000
English;Cook Islands;0.98000
English;Singapore;0.93000
English;China;0.00005
English;Dominican Republic;0.00078
English;St. Pierre & Miquelon;0.03400
English;Tonga;0.28000
English;Cayman Islands;0.98000
English;St. Helena;0.69000
English;Tristan da Cunha;0.99000
English;Mauritius;0.72000
English;Sweden;0.86000
English;British Virgin Islands;0.98000
English;Turks & Caicos Islands;0.98000
English;Bulgaria;0.25000
English;United States;0.96000
English;Romania;0.31000
English;Portugal;0.27000
English;South Africa;0.31000
English;Tokelau;1.00000
English;Cyprus;0.73000
English;Antigua & Barbuda;0.86000
English;Malaysia;0.21000
English;Austria;0.73000
English;Uganda;0.03900
English;Hungary;0.20000
English;Sint Maarten;0.68000
English;Isle of Man;1.00000
English;Brazil;0.08000
English;U.S. Virgin Islands;0.75000
English;Panama;0.14000
English;Luxembourg;0.56000
English;Bahamas;1.00000
English;Gibraltar;0.80000
English;Ireland;0.98000
English;Palau;0.08700
English;Nigeria;0.53000
English;Northern Mariana Islands;0.97000
English;Brunei;0.01800
English;Australia;0.96000
English;Algeria;0.07000
English;Tuvalu;0.09600
English;Czechia;0.27000
English;Pitcairn Islands;0.85000
English;Marshall Islands;0.93000
English;Chile;0.09500
English;Puerto Rico;0.49000
English;Belgium;0.59000
English;Kiribati;1.00000
English;Belize;1.00000
English;Sierra Leone;0.35000
English;Gambia;0.40000
English;Philippines;0.64000
English;Morocco;0.14000
English;Croatia;0.49000
English;Malta;0.88000
English;Guernsey;1.00000
English;Thailand;0.27000
English;Switzerland;0.61000
English;Grenada;0.96000
English;St. Vincent & Grenadines;0.96000
English;U.S. Outlying Islands;1.00000
English;Iraq;0.35000
English;Estonia;0.50000
English;Lebanon;0.40000
English;Rwanda;0.15000
English;Spain;0.24000
English;Burundi;0.00053
English;Eswatini;0.80000
English;Fiji;0.94000
English;Barbados;1.00000
English;Madagascar;0.18000
English;Italy;0.34000
English;Bhutan;0.11000
English;Sudan;0.61000
English;Nepal;0.03000
English;Micronesia;0.57000
English;Bosnia & Herzegovina;0.45000
English;Tanzania;0.69000
English;Anguilla;0.95000
English;Israel;0.85000
English;Zambia;0.16000
English;Papua New Guinea;0.50000
English;Zimbabwe;0.42000
English;Jordan;0.45000
English;Diego Garcia;0.99000
English;Kazakhstan;0.15000
English;Poland;0.33000
English;Eritrea;0.59000
English;Montserrat;0.66000
English;Latvia;0.46000
English;South Sudan;0.27000
English;Guyana;1.00000
English;Honduras;0.00440
English;Mexico;0.13000
English;Egypt;0.35000
English;United Kingdom;0.99000
English;Greece;0.51000
English;Sri Lanka;0.10000
English;Namibia;0.07000
English;Botswana;0.81000
Sassarese Sardinian;Italy;0.00170
Croatian;Italy;0.00006
Croatian;Serbia;0.00930
Croatian;Bosnia & Herzegovina;0.12000
Croatian;Slovenia;0.61000
Croatian;Austria;0.01200
Croatian;Germany;0.00790
Croatian;Hungary;0.00320
Croatian;Croatia;0.99000
United States;Vietnamese;0.00340
United States;Cherokee;0.00008
United States;Cajun French;0.00009
United States;Inupiaq;0.00002
United States;Lakota;0.00003
United States;Korean;0.00300
United States;Hawaiian;0.00009
United States;Traditional Chinese;0.00690
United States;French;0.00560
United States;Central Yupik;0.00006
United States;Russian;0.00240
United States;Navajo;0.00051
United States;Filipino;0.00420
United States;Pennsylvania German;0.00039
United States;Italian;0.00340
United States;Creek;0.00001
United States;German;0.00470
United States;Spanish;0.09600
United States;Dakota;0.00006
Chhattisgarhi;India;0.01100
Chinese;Singapore;0.77000
Chinese;China;0.90000
Chinese;Hong Kong SAR China;0.05000
Chinese;Mongolia;0.01400
Chinese;Macao SAR China;0.05000
Tachelhit;Morocco;0.08700
Fiji;Fiji Hindi;0.41000
Fiji;Fijian;0.39000
Fiji;Hindi;0.44000
Fiji;Rotuman;0.00270
Réunion Creole French;Réunion;0.71000
Caribbean Netherlands;Papiamento;0.81000
Caribbean Netherlands;Dutch;0.08000
Tatar;Russia;0.01400
Vietnam;Traditional Chinese;0.01100
Vietnam;Vietnamese;0.86000
Yapese;Micronesia;0.06400
Arabic;Qatar;0.89000
Arabic;Mauritania;0.85000
Arabic;Sudan;0.61000
Arabic;Kuwait;1.00000
Arabic;Somalia;0.34000
Arabic;Nigeria;0.00071
Arabic;Bahrain;0.87000
Arabic;Israel;0.20000
Arabic;Iran;0.02000
Arabic;Western Sahara;1.00000
Arabic;Algeria;0.74000
Arabic;Jordan;1.00000
Arabic;Iraq;0.68000
Arabic;Eritrea;0.04900
Arabic;Libya;0.74000
Arabic;Oman;0.81000
Arabic;Saudi Arabia;1.00000
Arabic;Morocco;0.62000
Arabic;South Sudan;0.27000
Arabic;Mali;0.00890
Arabic;Syria;0.80000
Arabic;Yemen;0.74000
Arabic;Chad;0.17000
Arabic;Egypt;0.94000
Arabic;Tajikistan;0.00012
Arabic;Lebanon;0.86000
Arabic;Tunisia;0.90000
Arabic;Djibouti;0.07300
Arabic;United Arab Emirates;0.78000
Arabic;Kenya;0.00046
Arabic;Niger;0.00210
Arabic;Cyprus;0.00110
Arabic;Comoros;0.66000
Ronga;Mozambique;0.03400
Masai;Kenya;0.01600
Masai;Tanzania;0.01500
Erzya;Russia;0.00310
Nobiin;Sudan;0.00830
Lomwe;Mozambique;0.06800
Costa Rica;Spanish;0.95000
Hindi;India;0.41000
Hindi;Nepal;0.00420
Hindi;Uganda;0.00005
Hindi;South Africa;0.02000
Eastern Frisian;Germany;0.00003
Gheg Albanian;Kosovo;0.74000
Võro;Estonia;0.05700
Ecuador;Quechua;0.17000
Ecuador;Chimborazo Highland Quichua;0.05700
Ecuador;Spanish;0.96000
Koro;Côte d’Ivoire;0.00230
Hungarian;Romania;0.06600
Hungarian;Serbia;0.04800
Hungarian;Israel;0.01000
Hungarian;Slovenia;0.00440
Hungarian;Austria;0.00270
Hungarian;Hungary;1.00000
Wolof;Mauritania;0.00260
Wolof;Senegal;0.70000
Traditional Chinese;Brunei;0.11000
Traditional Chinese;Australia;0.02100
Traditional Chinese;Panama;0.00160
Traditional Chinese;French Polynesia;0.07800
Traditional Chinese;United Kingdom;0.00540
Traditional Chinese;Malaysia;0.17000
Traditional Chinese;French Guiana;0.02500
Traditional Chinese;Macao SAR China;0.98000
Traditional Chinese;Suriname;0.01200
Traditional Chinese;Thailand;0.01800
Traditional Chinese;Taiwan;0.95000
Traditional Chinese;Philippines;0.00730
Traditional Chinese;Hong Kong SAR China;0.95000
Kita Maninkakan;Mali;0.05000
Russian;Turkmenistan;0.12000
Russian;Svalbard & Jan Mayen;0.46000
Russian;Lithuania;0.80000
Russian;Mongolia;0.00130
Russian;Israel;0.11000
Russian;Belarus;0.12000
Russian;China;0.00001
Russian;Germany;0.06000
Russian;Kazakhstan;0.72000
Russian;Kyrgyzstan;0.36000
Russian;Georgia;0.09000
Russian;Poland;0.18000
Russian;Moldova;0.03000
Russian;Latvia;0.38000
Russian;Russia;0.94000
Russian;Bulgaria;0.23000
Russian;Estonia;0.56000
Russian;Uzbekistan;0.14000
Russian;Tajikistan;0.12000
Uyghur (Cyrillic);Kazakhstan;0.02000
Uyghur (Cyrillic);Mongolia;0.00032
Kazakh;Kazakhstan;0.64000
Shona;Zimbabwe;0.81000
Hiri Motu;Papua New Guinea;0.02100
Central Okinawan;Japan;0.00770
Denmark;Swedish;0.13000
Denmark;Danish;0.93000
Denmark;German;0.47000
Denmark;Faroese;0.00380
Denmark;Kalaallisut;0.00120
Philippines;Albay Bicolano;0.02300
Philippines;Tagbanwa;0.00009
Philippines;Hanunoo;0.00016
Philippines;Filipino;0.60000
Philippines;Kinaray-a;0.00390
Philippines;Pangasinan;0.01400
Philippines;Waray;0.02900
Philippines;Buhid;0.00008
Philippines;Pampanga;0.02300
Philippines;Iloko;0.09600
Philippines;Capiznon;0.00660
Philippines;Spanish;0.31000
Philippines;Rinconada Bikol;0.00280
Philippines;Bikol;0.03000
Philippines;Cebuano;0.24000
Machame;Tanzania;0.00750
Western Frisian;Netherlands;0.04300
Morocco;Spanish;0.00065
Morocco;Moroccan Arabic;0.87000
Morocco;Riffian;0.04900
Morocco;Riffian (Latin);0.04900
Morocco;Standard Moroccan Tamazight;0.22000
Morocco;French;0.20000
Morocco;Tachelhit (Latin);0.08700
Micronesia;Ulithian;0.02900
Micronesia;Pohnpeian;0.23000
Micronesia;Kosraean;0.07700
Micronesia;Chuukese;0.30000
Jamaica;Jamaican Creole English;0.95000
Goan Konkani;India;0.00320
Estonia;Estonian;0.71000
Estonia;Finnish;0.21000
Kosovo;Serbian (Latin);0.05000
Kosovo;Albanian;0.92000
Kosovo;Serbian;0.05000
German;Brazil;0.00840
German;Italy;0.01600
German;Lithuania;0.14000
German;Luxembourg;0.63000
German;France;0.05000
German;Czechia;0.15000
German;Slovenia;0.42000
German;Germany;0.91000
German;Belgium;0.22000
German;Kazakhstan;0.06400
German;Netherlands;0.71000
German;Poland;0.19000
German;Namibia;0.00900
German;Switzerland;0.73000
German;Bulgaria;0.08000
German;Romania;0.00210
German;United Kingdom;0.06000
German;Austria;0.97000
German;Greece;0.05000
German;Paraguay;0.02900
German;Hungary;0.18000
Hakka Chinese;China;0.02300
Meru;Kenya;0.04000
Lezghian;Russia;0.00180
Colombia;Wayuu;0.00270
Colombia;Spanish;0.93000
Basque;Spain;0.02000
Basque;France;0.00130
Tumbuka;Malawi;0.08400
Southern Thai;Thailand;0.08000
Adyghe;Russia;0.00088
Lango [Uganda];Uganda;0.03800
Suriname;Sranan Tongo;0.68000
Suriname;Dutch;0.90000
Vietnamese;China;0.00001
Nepal;Limbu;0.01100
Nepal;Dangaura Tharu;0.02000
Nepal;Sherpa;0.00520
Nepal;Maithili;0.11000
Nepal;Rajbanshi;0.00440
Nepal;Newari;0.03300
Nepal;Awadhi;0.02200
Nepal;Bagheli;0.00540
Nepal;Eastern Magar;0.01100
Nepal;Western Magar;0.00830
Nepal;Western Tamang;0.01300
Nepal;Lepcha;0.00010
Nepal;Nepali;0.44000
Nepal;Bangla;0.00094
Nepal;Rana Tharu;0.01200
Nepal;Jumli;0.03200
Nepal;Bhojpuri;0.06800
Nepal;Eastern Tamang;0.03400
Nepal;Dotyali;0.02500
Nepal;Mundari (Devanagari);0.00019
Nepal;Bantawa;0.01500
Nepal;Kochila Tharu;0.01000
Nepal;Gurung;0.00710
Netherlands;Indonesian;0.01800
Netherlands;Limburgish;0.05500
Netherlands;Turkish;0.01200
Netherlands;Riffian (Latin);0.01200
Netherlands;Zeelandic;0.01400
Netherlands;Dutch;1.00000
Netherlands;French;0.29000
Netherlands;Gronings;0.03600
Netherlands;Low German;0.11000
Chechen;Russia;0.00660
Nzima;Ghana;0.01000
Dutch;Curaçao;0.08000
Dutch;France;0.00130
Dutch;Germany;0.09000
Dutch;Belgium;0.55000
Dutch;Aruba;0.97000
Dutch;Sint Maarten;0.03700
Northern Sami;Sweden;0.00330
Saraiki;Pakistan;0.09100
Bosnian;Bosnia & Herzegovina;0.99000
Myanmar (Burma);Khamti;0.00008
Myanmar (Burma);Burmese;0.64000
Myanmar (Burma);Shan;0.06400
Myanmar (Burma);Mon;0.01500
Northern Sotho;South Africa;0.09400
Welsh;United Kingdom;0.00770
Welsh;Argentina;0.00065
Hausa (Arabic);Sudan;0.01800
Hausa (Arabic);Nigeria;0.01000
Lepcha;India;0.00004
Lepcha;Bhutan;0.03900
Muslim Tat;Azerbaijan;0.00220
Tanzania;Swahili;0.90000
Tanzania;Langi;0.00870
Tanzania;Makonde;0.02400
Tanzania;Shambala;0.01700
Tanzania;Asu;0.01200
Tanzania;Sukuma;0.08700
Tanzania;Vunjo;0.00750
Tanzania;Sangu;0.00200
Tanzania;Bena;0.01700
Tanzania;Mbunga;0.01400
Tanzania;Nyamwezi;0.03300
Tanzania;Rombo;0.00750
Gondi;India;0.00240
Eritrea;Saho;0.03600
Eritrea;Tigre;0.18000
Eritrea;Blin;0.01300
Eritrea;Afar;0.03600
Guajajára;Brazil;0.00008
Kamba;Kenya;0.07600
Lisu;China;0.00045
Wagdi;India;0.00150
Japan;Korean;0.00520
Japan;Japanese;0.95000
Chakma;India;0.00028
Chakma;Bangladesh;0.00220
Niger;Central-Eastern Niger Fulfulde;0.07000
Niger;Tasawaq;0.00040
Niger;French;0.29000
Niger;Zarma;0.17000
Niger;Tamashek;0.06000
Niger;Hausa;0.41000
Lower Silesian;Poland;0.00031
Equatorial Guinea;Bube;0.07900
Equatorial Guinea;French;0.08800
Equatorial Guinea;Fang;0.51000
Equatorial Guinea;Spanish;0.87000
Jju;Nigeria;0.00210
Maasina Fulfulde;Mali;0.07700
Serbia;Romanian;0.02100
Serbia;Albanian;0.19000
Serbia;Slovak;0.00860
Serbia;Serbian;0.99000
Serbia;Serbian (Latin);0.99000
Japanese;Brazil;0.00210
Kinyarwanda;Rwanda;0.77000
Kinyarwanda;Congo - Kinshasa;0.00380
Kinyarwanda;Uganda;0.02100
Greece;Bulgarian;0.00270
Greece;Macedonian;0.01600
Greece;Albanian;0.00093
Greece;Turkish;0.01200
Greece;French;0.09000
Greece;Tsakonian;0.00002
Mundari;India;0.00094
Esperanto;San Marino;0.00890
Krio;Sierra Leone;0.95000
Brazil;Xavánte;0.00005
Brazil;Portuguese;0.91000
Brazil;Nheengatu;0.00005
Brazil;Kaingang;0.00010
Brazil;Spanish;0.00037
Brazil;Korean;0.00021
Brazil;Italian;0.00280
Telugu;India;0.07200
Bambara (N’Ko);Mali;0.02000
Monaco;French;0.99000
Western Balochi;Afghanistan;0.00630
Western Balochi;Iran;0.00560
Western Balochi;Pakistan;0.00570
Papua New Guinea;Tok Pisin;0.71000
Bolivia;Araona;0.00001
Bolivia;Aymara;0.20000
Bolivia;Quechua;0.32000
Bolivia;Spanish;0.61000
Ghana;Akan;0.39000
Ghana;Ewe;0.11000
Ghana;Frafra;0.03500
Ghana;Safaliba;0.00014
Ghana;Adangme;0.03000
Ghana;Hausa;0.00870
Ghana;Abron;0.05000
Manyika;Zimbabwe;0.06500
Sylheti;United Kingdom;0.00500
Sylheti;Bangladesh;0.05000
American Samoa;Samoan;0.99000
Bushi;Mayotte;0.23000
Central Mazahua;Mexico;0.00340
Guatemala;Kʼicheʼ;0.07000
Guatemala;Spanish;0.93000
Armenian;Georgia;0.07000
Armenian;Iran;0.00240
Armenian;Lebanon;0.05200
Armenian;Armenia;0.98000
Armenian;Syria;0.01800
Armenian;Cyprus;0.00220
Armenian;Russia;0.00840
Bodo;India;0.00140
Morisyen;Mauritius;0.90000
Kurdish (Arabic);Lebanon;0.01700
Tamil;Réunion;0.15000
Tamil;Singapore;0.02100
Tamil;India;0.05900
Tamil;Mauritius;0.02500
Tamil;Malaysia;0.04200
Tamil;Sri Lanka;0.15000
Kalanga;Zimbabwe;0.05300
Kalaallisut;Greenland;0.84000
Kazakh (Arabic);Afghanistan;0.00006
Kazakh (Arabic);China;0.00086
Kazakh (Arabic);Mongolia;0.07200
Kazakh (Arabic);Iran;0.00004
Oman;Persian;0.00940
Oman;Baluchi;0.04900
Gabon;Punu;0.09000
Gabon;French;0.63000
Spain;Extremaduran;0.00490
Spain;Spanish;0.99000
Spain;Galician;0.07000
Spain;Catalan;0.17000
Spain;Asturian;0.01300
Nyasa Tonga;Malawi;0.00980
Garo;India;0.00053
Garo;Bangladesh;0.00073
Greenland;Danish;0.14000
Balti;Pakistan;0.00180
Balti;India;0.00006
Timne;Sierra Leone;0.26000
Tornedalen Finnish;Sweden;0.00550
Uzbek (Cyrillic);Uzbekistan;0.15000
India;Sanskrit;0.00001
India;Shekhawati;0.00280
India;Limbu;0.00003
India;Lambadi;0.00270
India;Marathi;0.07000
India;Bangla;0.08100
India;Badaga;0.00023
India;Bishnupriya;0.00007
India;Gujarati;0.04500
India;Khamti;0.00001
India;Tulu;0.00150
India;Riang [India];0.00013
India;Sindhi;0.00260
India;Magahi;0.01200
India;Bateri;0.00003
India;Awadhi;0.01800
India;Bagheli;0.00037
India;Rangpuri;0.00440
India;Rajasthani;0.00100
India;Dogri;0.00200
India;Nimadi;0.00130
India;Garhwali;0.00270
India;Ao Naga;0.00023
India;Odia;0.03200
India;Kurukh;0.00190
India;Maithili;0.01200
India;Lahnda;0.00003
India;Assamese;0.01300
India;Ho;0.00100
India;Kashmiri;0.00410
India;Kumaoni;0.00220
India;Khandesi;0.00150
India;Mewari;0.00098
India;Nepali;0.00560
India;Deccan;0.01000
India;Mewati;0.00460
India;Punjabi;0.02800
India;Kanauji;0.00560
India;Bhili;0.00120
India;Hadothi;0.00082
India;Malayalam;0.03200
India;Bhilali;0.00092
India;Bhojpuri;0.02300
India;Munda;0.00048
India;Haryanvi;0.01200
India;Kachhi;0.00075
India;Kannada;0.03700
India;Kangri;0.00160
India;Marwari;0.01200
India;Manipuri;0.00110
India;Urdu;0.05000
India;Khasi;0.00080
India;Sindhi (Devanagari);0.00026
Galician;Portugal;0.00140
Lesotho;Swati;0.02400
Lesotho;Xhosa;0.01000
Upper Sorbian;Germany;0.00016
Chamorro;Guam;0.22000
Chamorro;Northern Mariana Islands;0.18000
Kenya;Swahili;0.66000
Kenya;Luyia;0.11000
Kenya;Teso;0.00740
Kenya;Kikuyu;0.17000
Kenya;Punjabi;0.00021
Kenya;Kalenjin;0.07600
Kenya;Taita;0.00820
Kenya;Gujarati;0.00010
Kenya;Samburu;0.00460
Kenya;Somali;0.01300
Kenya;Pökoot;0.00700
Kenya;Oromo;0.00470
Kenya;Luo;0.09800
Tooro;Uganda;0.01900
Mandingo;Gambia;0.29000
Solomon Islands;Roviana;0.01500
Slovenian;Hungary;0.00051
Slovenian;Austria;0.00370
Slovenian;Italy;0.00170
Slovenian;Slovenia;0.87000
French Polynesia;Tahitian;0.31000
French Polynesia;French;0.61000
Kabuverdianu;Cape Verde;0.91000
Peru;Aymara;0.01600
Peru;Quechua;0.15000
Peru;Spanish;0.73000
Azerbaijani;Azerbaijan;0.89000
Benin;Fon;0.25000
Benin;Yoruba;0.06700
Benin;French;0.35000
Pattani Malay;Thailand;0.05000
Mexico;Spanish;0.83000
Mexico;Western Huasteca Nahuatl;0.00390
Mexico;Central Huasteca Nahuatl;0.00190
Mexico;Yucateco;0.00670
Mexico;Eastern Huasteca Nahuatl;0.00390
Mexico;Seri;0.00001
Komi-Permyak;Russia;0.00045
Bashkir;Russia;0.01300
Gujari;Pakistan;0.00200
Egyptian Arabic;Egypt;0.64000
China;Lü;0.00019
China;Cantonese (Simplified);0.05200
China;Min Nan Chinese;0.01900
China;Korean;0.00150
China;Wu Chinese;0.06000
China;Gan Chinese;0.01700
China;Sichuan Yi;0.00600
China;Uyghur;0.00550
China;Mongolian (Mongolian);0.00260
China;Tai Nüa;0.00019
China;Zhuang;0.00310
Mru;Bangladesh;0.00018
Lahnda;Pakistan;0.40000
Turkmen;Afghanistan;0.01700
Turkmen;Iran;0.02800
Turkmen;Turkmenistan;0.70000
Tonga;Tongan;0.95000
Banjar;Malaysia;0.00016
Mauritius;French;0.03000
Mauritius;Urdu;0.05200
Mauritius;Bhojpuri;0.27000
Maori;New Zealand;0.02800
Mali;Tomo Kan Dogon;0.01100
Mali;Koyra Chiini;0.01700
Mali;Jenaama Bozo;0.00840
Mali;French;0.46000
Mali;Soninke;0.05900
Mali;Bomu;0.00860
Mali;Koyraboro Senni;0.03400
Mali;Tamashek;0.02100
South Korea;Korean;1.00000
Bulgaria;Bulgarian;1.00000
Bulgaria;Turkish;0.11000
North Ndebele;Zimbabwe;0.12000
Angola;Portuguese;0.67000
Angola;Lingala;0.00670
Angola;Kimbundu;0.25000
Chad;French;0.26000
South Africa;Swahili;0.00002
South Africa;Tswana;0.08200
South Africa;Swati;0.02700
South Africa;Afrikaans;0.13000
South Africa;Venda;0.02300
South Africa;Xhosa;0.18000
South Africa;South Ndebele;0.01600
Tokelau;Tokelau;1.00000
Tajikistan;Persian;0.00780
Tajikistan;Tajik;1.00000
Bavarian;Austria;0.95000
Bavarian;Germany;0.17000
Northern Khmer;Thailand;0.01700
Beja;Sudan;0.05400
Sakha;Russia;0.00320
Kabyle;Algeria;0.07800
South Georgia & South Sandwich Islands;Unknown language;1.00000
Senegal;Hassaniyya;0.00048
Senegal;Mandjak;0.00770
Senegal;Balanta-Ganja;0.00610
Senegal;Ménik;0.00023
Senegal;French;0.39000
Senegal;Serer;0.11000
Senegal;Fulah;0.21000
Senegal;Saafi-Saafi;0.01500
Senegal;Bassari;0.00097
Uganda;Swahili;0.75000
Uganda;Teso;0.03900
Uganda;Masaaba;0.02900
Uganda;Soga;0.05300
Uganda;Nyankole;0.06300
Uganda;Chiga;0.05400
Uganda;Ganda;0.13000
Uganda;Acoli;0.03700
Igbo;Nigeria;0.13000
Hungary;Romanian;0.00990
Hungary;French;0.03000
Hungary;Slovak;0.00110
West Flemish;Belgium;0.10000
Kara-Kalpak;Uzbekistan;0.01600
Swahili;Mayotte;0.01400
Swahili;Congo - Kinshasa;0.50000
Swahili;Mozambique;0.00034
Swahili;Somalia;0.02000
Swahili;Burundi;0.00054
Pashto;United Arab Emirates;0.02900
Pashto;Afghanistan;0.43000
Pashto;Iran;0.00160
Pashto;Pakistan;0.15000
Yao;Mozambique;0.02400
Khowar;Pakistan;0.00150
Malagasy;Madagascar;0.90000
Oromo;Ethiopia;0.32000
Oromo;Somalia;0.00420
Iran;Laki;0.00760
Iran;Bakhtiari;0.01400
Iran;Southern Luri;0.01200
Iran;Zoroastrian Dari;0.00010
Iran;Baluchi;0.02000
Iran;Domari;0.01900
Iran;Parsi-Dari;0.00500
Iran;Persian;0.75000
Iran;Northern Luri;0.02100
Iran;Southern Kurdish;0.03700
Nigerian Fulfulde;Nigeria;0.06700
Algeria;French;0.20000
Luxembourgish;Luxembourg;0.67000
Ladino;Israel;0.01300
Czechia;Czech;0.98000
Czechia;Polish;0.00490
Czechia;Slovak;0.16000
Catalan;Andorra;0.51000
Catalan;Italy;0.00035
Catalan;France;0.00170
Marshall Islands;Marshallese;0.73000
Belgium;Walloon;0.05800
Belgium;French;0.38000
Kiribati;Gilbertese;0.60000
Haiti;Haitian Creole;0.81000
Haiti;French;0.04700
Iraq;Syriac;0.00500
Iraq;Persian;0.00870
Iraq;Northern Luri;0.00610
Punjabi (Arabic);Pakistan;0.70000
Bini;Nigeria;0.00710
Svalbard & Jan Mayen;Norwegian Bokmål;0.58000
Baluchi;United Arab Emirates;0.02300
Baluchi;Afghanistan;0.00670
Baluchi;Pakistan;0.03700
Ndzwani Comorian;Comoros;0.34000
Guinea-Bissau;Portuguese;1.00000
Congo - Brazzaville;French;0.84000
Congo - Brazzaville;Lingala;0.02400
Hausa;Nigeria;0.13000
Mapuche;Chile;0.01500
Isle of Man;Manx;0.01900
Bouvet Island;Unknown language;1.00000
Kumyk;Russia;0.00200
Djibouti;Afar;0.42000
Djibouti;French;0.02100
Djibouti;Somali;0.41000
Khmu;Laos;0.05800
Timor-Leste;Tetum;0.59000
Timor-Leste;Portuguese;0.59000
East Futuna;Wallis & Futuna;0.31000
Nicaragua;Spanish;0.78000
Sinhala;Sri Lanka;0.68000
Vanuatu;Bislama;0.90000
Vanuatu;French;0.50000
Malawi;Nyanja;0.63000
Swati;Eswatini;0.58000
Fur;Sudan;0.02700
Makhuwa;Mozambique;0.13000
Venezuela;Spanish;0.82000
Ukrainian;Poland;0.00390
Ukrainian;Moldova;0.14000
Iceland;Danish;0.00650
Iceland;Icelandic;1.00000
Zambia;Nyanja;0.15000
Zambia;Lozi;0.06000
Zambia;Bemba;0.31000
Cebaara Senoufo;Côte d’Ivoire;0.04300
Tuvinian;Russia;0.00130
Germany;Turkish;0.02500
Germany;Colognian;0.00300
Germany;Main-Franconian;0.06000
Germany;Northern Frisian;0.00012
Germany;Danish;0.02000
Germany;Swabian;0.01000
Germany;French;0.18000
Germany;Low German;0.12000
Germany;Italian;0.07000
Germany;Kurdish;0.00660
Germany;Saterland Frisian;0.00001
Germany;Spanish;0.06000
Germany;Lower Sorbian;0.00009
Germany;Polish;0.00290
Maltese;Malta;1.00000
Hebrew;Israel;1.00000
Tswana;Zimbabwe;0.00220
Tswana;Namibia;0.00560
Tswana;Botswana;0.62000
Paraguay;Spanish;0.03200
Western Cham;Cambodia;0.01600
Honduras;Spanish;0.78000
Azerbaijani (Cyrillic);Azerbaijan;0.09900
Azerbaijani (Cyrillic);Russia;0.00093
Antarctica;Unknown language;1.00000
Heard & McDonald Islands;Unknown language;1.00000
Comoros;Ngazidja Comorian;0.37000
Comoros;French;0.56000
Sinte Romani;Switzerland;0.00290
Turkmenistan;Uzbek;0.09000
Turkmenistan;Kurdish;0.00410
Negeri Sembilan Malay;Malaysia;0.01200
Montenegro;Albanian;0.07900
Montenegro;Serbian (Latin);1.00000
Montenegro;Serbian;0.05000
Ethiopia;Amharic;0.33000
Ethiopia;Wolaytta;0.01800
Ethiopia;Somali;0.06000
Ethiopia;Afar;0.01400
Macao SAR China;Portuguese;0.05000
Arpitan;France;0.00094
Parkari Koli;Pakistan;0.00160
Bulgarian;Romania;0.00031
Bulgarian;Moldova;0.09400
Moksha;Russia;0.00210
Yoruba;Nigeria;0.13000
French;Madagascar;0.69000
French;Italy;0.06300
French;Guinea;0.29000
French;France;0.99000
French;Andorra;0.06700
French;Rwanda;0.00019
French;St. Martin;1.00000
French;Ireland;0.17000
French;Réunion;0.89000
French;Malta;0.11000
French;Wallis & Futuna;0.48000
French;Congo - Kinshasa;0.03800
French;Martinique;0.98000
French;St. Pierre & Miquelon;0.93000
French;Mauritania;0.17000
French;St. Barthélemy;0.96000
French;Mayotte;0.57000
French;New Caledonia;0.96000
French;French Guiana;0.77000
French;Luxembourg;0.87000
French;Switzerland;0.21000
French;Syria;0.05900
French;Guadeloupe;0.90000
French;Côte d’Ivoire;0.49000
French;Romania;0.17000
French;Seychelles;0.60000
French;Portugal;0.15000
French;Tunisia;0.74000
French;Lebanon;0.00370
French;United Kingdom;0.19000
French;Austria;0.11000
French;Burundi;0.59000
French;Cyprus;0.07000
Karelian;Russia;0.00082
Mon;Thailand;0.00170
Northeastern Thai;Thailand;0.24000
Taiwan;Taroko;0.00020
Liberia;Kpelle;0.14000
Liberia;Mende;0.00480
Wadiyara Koli;Pakistan;0.00120
Uyghur;Afghanistan;0.00009
Nepali;Bhutan;0.17000
Finnish;Sweden;0.02200
Finnish;Russia;0.00012
Silesian;Poland;0.01300
Albanian;Albania;1.00000
Albanian;North Macedonia;0.25000
North Macedonia;Macedonian;0.67000
North Macedonia;Turkish;0.03500
Serbian;Bosnia & Herzegovina;0.10000
Thai;Thailand;0.80000
Italian;Australia;0.01900
Italian;Italy;0.95000
Italian;San Marino;0.89000
Italian;Malta;0.56000
Italian;France;0.01700
Italian;United Kingdom;0.00340
Italian;Slovenia;0.00190
Italian;Austria;0.09000
Italian;Croatia;0.01600
Italian;Vatican City;0.82000
Italian;Switzerland;0.04300
Luba-Lulua;Congo - Kinshasa;0.09600
Amharic;Israel;0.00590
Urdu;Pakistan;0.95000
Afghanistan;Uzbek (Arabic);0.04700
Afghanistan;Hazaragi;0.05900
Afghanistan;Parsi-Dari;0.01200
Afghanistan;Persian;0.50000
Eastern Lawa;Thailand;0.00010
Sena;Mozambique;0.04600
Ossetic;Georgia;0.02200
Ossetic;Russia;0.00320
France;Portuguese;0.01300
France;Corsican;0.00240
France;Spanish;0.13000
France;Breton;0.00830
Bosnian (Cyrillic);Bosnia & Herzegovina;0.99000
Fulah;Guinea;0.26000
Fulah;Mauritania;0.05700
Buginese;Malaysia;0.00079
Buriat;Russia;0.00220
Malay (Arabic);Brunei;0.05000
Dominican Republic;Spanish;0.78000
Afrikaans;Namibia;0.75000
Afrikaans;Botswana;0.00270
Uzbek;Uzbekistan;0.85000
Lombard;Switzerland;0.04100
Lombard;Italy;0.00030
Herero;Namibia;0.09100
Burmese;Bangladesh;0.00210
Lingala;Congo - Kinshasa;0.03100
Indus Kohistani;Pakistan;0.00140
Syriac;Syria;0.00084
Clipperton Island;Unknown language;1.00000
Friulian;Italy;0.00060
Åland Islands;Swedish;0.99000
Syria;Kurdish;0.08000
Scottish Gaelic;United Kingdom;0.00099
Turkish;Romania;0.00130
Turkish;Uzbekistan;0.00760
Turkish;Cyprus;0.23000
Guinea;N’Ko;0.05000
Guinea;Kpelle;0.03800
Guinea;Susu;0.11000
Panama;Spanish;0.69000
Samoan;Samoa;1.00000
Cape Verde;Portuguese;0.76000
Andorra;Spanish;0.43000
Gibraltar;Spanish;0.50000
Ireland;Irish;0.22000
Wallisian;Wallis & Futuna;0.60000
Khmer;Cambodia;0.89000
Chuvash;Russia;0.01300
El Salvador;Spanish;0.89000
Lithuanian;Poland;0.00021
Lithuanian;Lithuania;0.86000
Malay;Brunei;0.93000
Malay;Singapore;0.14000
Malay;Malaysia;0.75000
Bateri;Pakistan;0.00019
Iban;Malaysia;0.02500
Thailand;Kuy;0.00480
Thailand;Shan;0.00096
Belize;Spanish;0.28000
Sierra Leone;Mende;0.27000
Georgia;Kurdish;0.00890
Georgia;Abkhazian;0.02200
Georgia;Mingrelian;0.11000
Poland;Kashubian;0.00130
Poland;Belarusian;0.00580
Poland;Polish;0.96000
Romansh;Switzerland;0.00500
Moldova;Romanian;0.63000
Moldova;Gagauz;0.03300
Javanese;Malaysia;0.01200
Portugal;Portuguese;0.96000
Portugal;Spanish;0.10000
Curaçao;Papiamento;0.81000
Curaçao;Spanish;0.03800
Persian;Pakistan;0.00660
Persian;Qatar;0.11000
Persian;United Arab Emirates;0.01900
Mongolian;Russia;0.00002
Mongolian;Mongolia;0.93000
Dzongkha;Bhutan;0.47000
Italy;Sicilian;0.00820
Italy;Piedmontese;0.00010
Italy;Ligurian;0.00860
Italy;Sardinian;0.01700
Italy;Neapolitan;0.00970
Italy;Venetian;0.01300
Sudan;Masalit;0.00990
Sudan;Zaghawa;0.00510
Tiv;Nigeria;0.01600
Bangla;United Kingdom;0.00670
Bangla;Bangladesh;0.98000
Somali;Somalia;0.78000
Israel;Malayalam;0.00095
Israel;Romanian;0.03700
Israel;Polish;0.01500
Malaysia;Malayalam;0.00150
Malaysia;Central Dusun;0.00560
Trinidad & Tobago;Spanish;0.00340
Zimbabwe;Nyanja;0.01900
Zimbabwe;Ndau;0.06100
Zimbabwe;Venda;0.00640
Dargwa;Russia;0.00260
Kuanyama;Namibia;0.35000
Northern Hindko;Pakistan;0.01200
United Kingdom;Kashmiri;0.00190
United Kingdom;Cornish;0.00003
United Kingdom;Irish;0.00026
United Kingdom;Punjabi;0.00790
United Kingdom;Scots;0.02700
United Kingdom;Malayalam;0.00035
Tyap;Nigeria;0.00093
Cambodia;Kuy;0.00110
Ceuta & Melilla;Spanish;0.98000
Aruba;Papiamento;0.61000
Argentina;Spanish;1.00000
Switzerland;Walser;0.00120
Switzerland;Portuguese;0.03400
Bahrain;Malayalam;0.03300
Veps;Russia;0.00003
Tajik (Arabic);Pakistan;0.00330
French Guiana;Guianese Creole French;0.26000
Luxembourg;Portuguese;0.16000
Malayalam;Singapore;0.00170
Malayalam;United Arab Emirates;0.07000
Malayalam;Qatar;0.00280
Efik;Nigeria;0.01400
Serbian (Latin);Romania;0.00120
Serbian (Latin);Bosnia & Herzegovina;0.10000
Serbian (Latin);Russia;0.00004
Albania;Macedonian;0.00470
Mongo;Congo - Kinshasa;0.00610
Lule Sami;Sweden;0.00015
Kongo;Congo - Kinshasa;0.01500
Azerbaijan;Kurdish;0.00240
Azerbaijan;Talysh;0.09800
Azerbaijan;Tsakhur;0.00160
Polish;Romania;0.00013
Swedish;Sweden;0.95000
Bangladesh;Rangpuri;0.06500
Bangladesh;Manipuri;0.00011
Kuy;Laos;0.00960
Nama;Namibia;0.11000
Tunisian Arabic;Tunisia;0.90000
Laos;Lao;0.69000
Faroese;Faroe Islands;0.95000
Nigeria;Ibibio;0.01400
Nigeria;Amo;0.00009
Nigeria;Atsam;0.00021
Cuba;Spanish;1.00000
Armenia;Kurdish;0.03300
Singapore;Punjabi;0.00160
Australia;Warlpiri;0.00011
Russia;Mari;0.00370
Russia;Udmurt;0.00380
Russia;Southern Altai;0.00014
Russia;Kabardian;0.00310
Russia;Lak;0.00078
Russia;Avaric;0.00390
North Korea;Korean;0.88000
Romania;Romanian;0.90000
Romania;Spanish;0.10000
Antigua & Barbuda;Portuguese;0.01700
Mozambique;Portuguese;0.27000
Mozambique;Ndau;0.09900
Mozambique;Nyanja;0.02600
Mozambique;Makhuwa-Meetto;0.04500
Canary Islands;Spanish;0.98000
Sint Maarten;Spanish;0.11000
Southern Hindko;Pakistan;0.00410
Pakistan;Sindhi;0.12000
Pakistan;Kashmiri;0.00069
Belarus;Belarusian;1.00000
Congo - Kinshasa;Luba-Katanga;0.02300
Chile;Spanish;0.98000
Puerto Rico;Spanish;0.87000
Portuguese;São Tomé & Príncipe;0.85000
Namibia;Ndonga;0.21000
Seychelles;Seselwa Creole French;0.98000
Uruguay;Spanish;0.88000
Burundi;Rundi;0.63000
Bhutan;Tshangla;0.15000
Tuvalu;Tuvalu;0.89000
